{
	"info": {
		"_postman_id": "416c27e8-fc7b-4ee8-a599-ba6e67eb3648",
		"name": "lotteryGame",
		"schema": "https://schema.getpostman.com/json/collection/v2.1.0/collection.json",
		"_exporter_id": "18057493"
	},
	"item": [
		{
			"name": "Auth",
			"item": [
				{
					"name": "req",
					"request": {
						"method": "GET",
						"header": []
					},
					"response": []
				},
				{
					"name": "Register",
					"request": {
						"method": "POST",
						"header": [
							{
								"key": "Accept",
								"value": "application/json",
								"type": "text"
							}
						],
						"body": {
							"mode": "raw",
							"raw": "{\r\n    \"email\":\"ahmed55538@gmail.com\",\r\n    \"password\" :\"Ahmed_123\",\r\n    \"firstName\":\"ahmed\",\r\n    \"lastName\":\"mohamed\",\r\n    \"mobileNumber\":\"01127010091\",\r\n    \"Gender\":\"male\"    \r\n}",
							"options": {
								"raw": {
									"language": "json"
								}
							}
						},
						"url": {
							"raw": "http://127.0.0.1:8000/api/auth/register",
							"protocol": "http",
							"host": [
								"127",
								"0",
								"0",
								"1"
							],
							"port": "8000",
							"path": [
								"api",
								"auth",
								"register"
							]
						},
						"description": "This route is for the register process of the user\n\n**Response**\n\n``` json\n{\n    \"meta\": {\n        \"status_code\": 200,\n        \"msg\": \"Success\"\n    },\n    \"response\": {\n        \"email\": \"ahmed55538@gmail.com\",\n        \"firstName\": \"ahmed\",\n        \"lastName\": \"mohamed\",\n        \"token\": \"125|SigII0j5iGVQuCkgLG7R3Z1fjokG3ugqcQvwbp2y\"\n    }\n}\n\n```"
					},
					"response": []
				},
				{
					"name": "login",
					"request": {
						"method": "POST",
						"header": [
							{
								"key": "Accept",
								"value": "",
								"type": "text"
							}
						],
						"body": {
							"mode": "raw",
							"raw": "{\r\n    \"email\":\"ansel60@example.net\",\r\n    \"password\":\"Ahmed_123\"\r\n}",
							"options": {
								"raw": {
									"language": "json"
								}
							}
						},
						"url": {
							"raw": "http://127.0.0.1:8000/api/auth/login",
							"protocol": "http",
							"host": [
								"127",
								"0",
								"0",
								"1"
							],
							"port": "8000",
							"path": [
								"api",
								"auth",
								"login"
							]
						},
						"description": "this route is for the login process of the user\n\n**Response**\n\n``` json\n{\n    \"meta\": {\n        \"status_code\": 200,\n        \"msg\": \"Success\"\n    },\n    \"response\": {\n        \"user\": {\n            \"id\": 2,\n            \"firstName\": \"Dr. Keaton Stiedemann\",\n            \"lastName\": \"Neil Schroeder\",\n            \"mobileNumber\": \"+1 (903) 262-1190\",\n            \"Gender\": \"female\",\n            \"email\": \"zhalvorson@example.net\",\n            \"admin\": true,\n            \"wallet\": \"146\",\n            \"email_verified_at\": \"2022-07-04T11:51:36.000000Z\",\n            \"created_at\": \"2022-07-04T11:51:36.000000Z\",\n            \"updated_at\": \"2022-07-04T11:51:36.000000Z\"\n        },\n        \"token\": \"124|o7jS7NFeWN6ioWN2EA9fDFUhX2PVRabIEMbPyQRi\"\n    }\n}\n\n```"
					},
					"response": []
				},
				{
					"name": "logout",
					"request": {
						"method": "POST",
						"header": [],
						"url": {
							"raw": "http://127.0.0.1:8000/api/auth/logout",
							"protocol": "http",
							"host": [
								"127",
								"0",
								"0",
								"1"
							],
							"port": "8000",
							"path": [
								"api",
								"auth",
								"logout"
							]
						},
						"description": "this route is responsible for logout process\n\n**Response**\n\n``` json\n{\n    \"meta\": {\n        \"status_code\": 200,\n        \"msg\": \"Success\"\n    },\n    \"response\": \"user logout successfully\"\n}\n\n```"
					},
					"response": []
				}
			],
			"description": "these routes are responsible for Authentication process of user such as register and login and logout processes"
		},
		{
			"name": "Items",
			"item": [
				{
					"name": "get all items",
					"request": {
						"auth": {
							"type": "bearer",
							"bearer": [
								{
									"key": "token",
									"value": "126|kdhLCIrFeCO8QfOQSaJ0XGmh6NbHQNg2xbxzDRco",
									"type": "string"
								}
							]
						},
						"method": "GET",
						"header": [
							{
								"key": "Accept",
								"value": "application/json",
								"type": "text"
							}
						],
						"url": {
							"raw": "http://127.0.0.1:8000/api/item",
							"protocol": "http",
							"host": [
								"127",
								"0",
								"0",
								"1"
							],
							"port": "8000",
							"path": [
								"api",
								"item"
							]
						},
						"description": "this route is responsible for get all items\n\n**Response**\n\n``` json\n{\n    \"meta\": {\n        \"status_code\": 200,\n        \"msg\": \"Success\"\n    },\n    \"response\": [\n        {\n            \"id\": 1,\n            \"name\": \"Louisa Jaskolski II\",\n            \"price\": \"0.48824\",\n            \"desciption\": \"HNa6a4weTwhfGKdIsqku7EAvjdHRmSwHpOlfwXlQ\",\n            \"image\": \"https://via.placeholder.com/640x480.png/000044?text=voluptate\"\n        },\n        {\n            \"id\": 2,\n            \"name\": \"Johnny Okuneva II\",\n            \"price\": \"0.19915\",\n            \"desciption\": \"yFPJZE7jD8cO9LHQw2GW5nm2wsbLMZPAjkg6I6f3\",\n            \"image\": \"https://via.placeholder.com/640x480.png/002222?text=mollitia\"\n        },\n        {\n            \"id\": 3,\n            \"name\": \"Eldon Koelpin I\",\n            \"price\": \"0.00746\",\n            \"desciption\": \"IET9uR2ZphYwEBja3aLwMMrJnzLclxkhCeCBLG8y\",\n            \"image\": \"https://via.placeholder.com/640x480.png/001133?text=facilis\"\n        },\n        {\n            \"id\": 4,\n            \"name\": \"Willard Marquardt\",\n            \"price\": \"0.55555\",\n            \"desciption\": \"JXBk8fKBwMyVwlt5nbp4HIJtyH1ilmmQ4d2PzGFa\",\n            \"image\": \"https://via.placeholder.com/640x480.png/00ccaa?text=ut\"\n        },\n        {\n            \"id\": 5,\n            \"name\": \"Lenore Funk\",\n            \"price\": \"0.96588\",\n            \"desciption\": \"86D8o5kyR222v7FkK8htJw4n6ZrKtMtchhuQfUUS\",\n            \"image\": \"https://via.placeholder.com/640x480.png/00ffaa?text=vel\"\n        },\n        {\n            \"id\": 6,\n            \"name\": \"Krystel Larson\",\n            \"price\": \"0.2266\",\n            \"desciption\": \"B9mn3juiZgw7s3YVQR9jbKzOtoNvnY1U2g97c4Ol\",\n            \"image\": \"https://via.placeholder.com/640x480.png/005577?text=aliquam\"\n        },\n        {\n            \"id\": 7,\n            \"name\": \"Emmy Brakus Jr.\",\n            \"price\": \"0.92979\",\n            \"desciption\": \"E7ylrmZKFfM4VdOUsAJr48ZvIYeBI2NKvgEiI16Y\",\n            \"image\": \"https://via.placeholder.com/640x480.png/001188?text=culpa\"\n        },\n        {\n            \"id\": 8,\n            \"name\": \"Edd Kautzer\",\n            \"price\": \"0.4513\",\n            \"desciption\": \"4hGFWz9F5PhZbgpvfX7RYHpYNQqjnTaxdo1aEAQk\",\n            \"image\": \"https://via.placeholder.com/640x480.png/002222?text=quisquam\"\n        },\n        {\n            \"id\": 9,\n            \"name\": \"Natalie Barrows\",\n            \"price\": \"0.80903\",\n            \"desciption\": \"WuUFU1UjGXQVyy38G7Psm57WO4e0BsXM0sgvBNcp\",\n            \"image\": \"https://via.placeholder.com/640x480.png/002211?text=architecto\"\n        },\n        {\n            \"id\": 10,\n            \"name\": \"Prof. Kellen Brakus\",\n            \"price\": \"0.95333\",\n            \"desciption\": \"Y82nKwRNju3WShRkB3jQg60sOSMGeu5AFbJKkI8x\",\n            \"image\": \"https://via.placeholder.com/640x480.png/00bb99?text=magnam\"\n        },\n        {\n            \"id\": 11,\n            \"name\": \"Tyrel Ullrich\",\n            \"price\": \"0.93155\",\n            \"desciption\": \"BXwvkE4NsJ2k8Wp3DAqQjJ7z5JNn3G5lwxpwI5e0\",\n            \"image\": \"https://via.placeholder.com/640x480.png/005599?text=eius\"\n        },\n        {\n            \"id\": 12,\n            \"name\": \"Sidney Lueilwitz\",\n            \"price\": \"0.31657\",\n            \"desciption\": \"MS6DSONXZbbBkFcJ8HVXVLBl3cVCkdOAGYpXYyej\",\n            \"image\": \"https://via.placeholder.com/640x480.png/006622?text=aut\"\n        },\n        {\n            \"id\": 13,\n            \"name\": \"Mr. Keven Walter Jr.\",\n            \"price\": \"0.60732\",\n            \"desciption\": \"BejcSnWwlws2mgJ6Nl13Z0cb3fhVCOOIisHDPu01\",\n            \"image\": \"https://via.placeholder.com/640x480.png/007777?text=molestiae\"\n        },\n        {\n            \"id\": 14,\n            \"name\": \"Mr. Elias Rohan\",\n            \"price\": \"0.68646\",\n            \"desciption\": \"Tpa2PVaPvIAxTcuyi68Vp6akKNkD5xe2Y8nE4lAO\",\n            \"image\": \"https://via.placeholder.com/640x480.png/00ee33?text=vitae\"\n        },\n        {\n            \"id\": 15,\n            \"name\": \"David Simonis\",\n            \"price\": \"0.57585\",\n            \"desciption\": \"voKt5JlY8e7yfpu39V5sEs6oG3EH4sa2cTCxiMXm\",\n            \"image\": \"https://via.placeholder.com/640x480.png/003344?text=velit\"\n        },\n        {\n            \"id\": 16,\n            \"name\": \"Miss Shawna Zulauf\",\n            \"price\": \"0.97029\",\n            \"desciption\": \"JNSuBLFWRxL7vgBkskEUQq0uhdFRs4T5CtNmMpbN\",\n            \"image\": \"https://via.placeholder.com/640x480.png/008800?text=est\"\n        },\n        {\n            \"id\": 17,\n            \"name\": \"Dr. Creola Kub\",\n            \"price\": \"0.28443\",\n            \"desciption\": \"eQmFMWtlBC8ocr3IuqtaCipKYJ6GxE03SIsd5a56\",\n            \"image\": \"https://via.placeholder.com/640x480.png/0088ff?text=saepe\"\n        },\n        {\n            \"id\": 18,\n            \"name\": \"Miss Fleta Kling DVM\",\n            \"price\": \"0.49516\",\n            \"desciption\": \"HECJ8SpTeAkrYiDo3mN1yPjh4BHLgiprdCoSRRak\",\n            \"image\": \"https://via.placeholder.com/640x480.png/0055ff?text=consequatur\"\n        },\n        {\n            \"id\": 19,\n            \"name\": \"Sonny Durgan\",\n            \"price\": \"0.37163\",\n            \"desciption\": \"8AFY0eEZbBRYZqdW7Kb4v3dGhwWDatPXytH8nsms\",\n            \"image\": \"https://via.placeholder.com/640x480.png/002266?text=dolor\"\n        },\n        {\n            \"id\": 20,\n            \"name\": \"Jaylan Hermann\",\n            \"price\": \"0.61717\",\n            \"desciption\": \"Er9FsdLRBEl6TWEKMAUShvX1PsRPB0OLgQPVJmfF\",\n            \"image\": \"https://via.placeholder.com/640x480.png/006699?text=nam\"\n        },\n        {\n            \"id\": 21,\n            \"name\": \"Shane Barton\",\n            \"price\": \"0.82032\",\n            \"desciption\": \"jsDI5zEcVqIx0QwJWsX1r1uUitLDI0jmvyHOGXY9\",\n            \"image\": \"https://via.placeholder.com/640x480.png/001144?text=sapiente\"\n        },\n        {\n            \"id\": 22,\n            \"name\": \"Mrs. Elizabeth Conn DDS\",\n            \"price\": \"0.57626\",\n            \"desciption\": \"7lrVuKRseBFwL6y1OWg1fN0zSzJ2bOFd7XJuL59i\",\n            \"image\": \"https://via.placeholder.com/640x480.png/007700?text=omnis\"\n        },\n        {\n            \"id\": 23,\n            \"name\": \"Mozelle Baumbach II\",\n            \"price\": \"0.19015\",\n            \"desciption\": \"XUY7CgxCogbpFIqd5a8wY3ApfQy4KgScBFBeaENz\",\n            \"image\": \"https://via.placeholder.com/640x480.png/000044?text=aut\"\n        },\n        {\n            \"id\": 24,\n            \"name\": \"Ms. Rhea Spencer\",\n            \"price\": \"0.15374\",\n            \"desciption\": \"fz0cjtp0F0YdPgsAhP4wtjlsxooefsJBUHAHSQgw\",\n            \"image\": \"https://via.placeholder.com/640x480.png/0066ff?text=eos\"\n        },\n        {\n            \"id\": 25,\n            \"name\": \"Keanu Johnson DVM\",\n            \"price\": \"0.20808\",\n            \"desciption\": \"BaeXG6MSL6xNTp11b4XllNBdR1BTQA7SREOoLxVd\",\n            \"image\": \"https://via.placeholder.com/640x480.png/007722?text=et\"\n        },\n        {\n            \"id\": 26,\n            \"name\": \"Dr. Mose Hackett\",\n            \"price\": \"0.87196\",\n            \"desciption\": \"4yy1NdGoEBsVmCmEzuvNVDACxhGiLNLfurPLCwIv\",\n            \"image\": \"https://via.placeholder.com/640x480.png/0022cc?text=a\"\n        },\n        {\n            \"id\": 27,\n            \"name\": \"Etha Wolff\",\n            \"price\": \"0.07369\",\n            \"desciption\": \"XB4EpBlMitrtMcT8X9d9Q61qMJcnO8KoaMg2PM4C\",\n            \"image\": \"https://via.placeholder.com/640x480.png/0066dd?text=doloremque\"\n        },\n        {\n            \"id\": 28,\n            \"name\": \"Dr. Cornelius Wiza\",\n            \"price\": \"0.07846\",\n            \"desciption\": \"ZIutXge6Ksr7SgJ0TUnsMwrLGs2rJPkuH3V8s6rL\",\n            \"image\": \"https://via.placeholder.com/640x480.png/005599?text=repudiandae\"\n        },\n        {\n            \"id\": 29,\n            \"name\": \"Dr. Marquis Schmitt I\",\n            \"price\": \"0.21564\",\n            \"desciption\": \"ntYJBwgYbKMZqcwzP6bXjsQfpTPMcJhKWf8rnQov\",\n            \"image\": \"https://via.placeholder.com/640x480.png/003377?text=voluptates\"\n        },\n        {\n            \"id\": 30,\n            \"name\": \"Angelica Windler\",\n            \"price\": \"0.89266\",\n            \"desciption\": \"1RlueUNddMfgU4icpcGfAgqT0i8F2FTwlwDlmkmB\",\n            \"image\": \"https://via.placeholder.com/640x480.png/00ee88?text=vero\"\n        },\n        {\n            \"id\": 31,\n            \"name\": \"Juliet Grimes\",\n            \"price\": \"0.32716\",\n            \"desciption\": \"Z7najuDhEQnVQaUngqcGGEtAGJkQxXfxNOochP98\",\n            \"image\": \"https://via.placeholder.com/640x480.png/00ffff?text=voluptate\"\n        },\n        {\n            \"id\": 32,\n            \"name\": \"Rose Rohan Sr.\",\n            \"price\": \"0.42969\",\n            \"desciption\": \"cm0ZcW1UUG0R8jX9jS9JBVBcZppvpQxtWd5OgmMs\",\n            \"image\": \"https://via.placeholder.com/640x480.png/001122?text=facilis\"\n        },\n        {\n            \"id\": 33,\n            \"name\": \"Leopoldo Monahan III\",\n            \"price\": \"0.52269\",\n            \"desciption\": \"upsOKt6KSGJ786B1Oqm5rsbxPlreFGIBzAN2KJj3\",\n            \"image\": \"https://via.placeholder.com/640x480.png/0033cc?text=ipsum\"\n        },\n        {\n            \"id\": 34,\n            \"name\": \"Zack Waters\",\n            \"price\": \"0.32917\",\n            \"desciption\": \"87jOvKaTDrzoAobNeIVs5Cz6XoeqatHzgZS5IgwN\",\n            \"image\": \"https://via.placeholder.com/640x480.png/000066?text=dolorem\"\n        },\n        {\n            \"id\": 35,\n            \"name\": \"Cleo Eichmann\",\n            \"price\": \"0.41232\",\n            \"desciption\": \"2u25nqTqEinEX88Ue1xGxtOwKYskBWq8xDkUb2iq\",\n            \"image\": \"https://via.placeholder.com/640x480.png/002244?text=hic\"\n        },\n        {\n            \"id\": 36,\n            \"name\": \"Janessa Kirlin\",\n            \"price\": \"0.12095\",\n            \"desciption\": \"TpXZZJSDaeKboyIV7dP5FFZ4wiM9PklBNa1Nlkey\",\n            \"image\": \"https://via.placeholder.com/640x480.png/00dd22?text=quisquam\"\n        },\n        {\n            \"id\": 37,\n            \"name\": \"Crawford Hartmann\",\n            \"price\": \"0.05847\",\n            \"desciption\": \"3JppQ7x6OPwWbrckz1iZql9208KfJzzhRmc7xru2\",\n            \"image\": \"https://via.placeholder.com/640x480.png/00cc44?text=et\"\n        },\n        {\n            \"id\": 38,\n            \"name\": \"Vito Daugherty\",\n            \"price\": \"0.39154\",\n            \"desciption\": \"yQMnTlVNmyJp8EXR83Y6L7n249582p0knscYvS45\",\n            \"image\": \"https://via.placeholder.com/640x480.png/00cccc?text=laboriosam\"\n        },\n        {\n            \"id\": 39,\n            \"name\": \"Rosella Kautzer IV\",\n            \"price\": \"0.43985\",\n            \"desciption\": \"1c6QEGbxzJCNNXppLVKVmW4E2Nm8OnNyQ90DtC8q\",\n            \"image\": \"https://via.placeholder.com/640x480.png/00ffcc?text=consequuntur\"\n        },\n        {\n            \"id\": 40,\n            \"name\": \"Horacio Volkman\",\n            \"price\": \"0.23661\",\n            \"desciption\": \"WprDkx6vjk2E5EuZ3XLUFTfqnWo2QxF7i8YytHyl\",\n            \"image\": \"https://via.placeholder.com/640x480.png/00bbcc?text=eum\"\n        },\n        {\n            \"id\": 41,\n            \"name\": \"Mr. Joany Nolan III\",\n            \"price\": \"0.60282\",\n            \"desciption\": \"cHoBHUys1HH80XSIAwpB0PEPxYqaiDiwLkLmweEV\",\n            \"image\": \"https://via.placeholder.com/640x480.png/00aa88?text=non\"\n        },\n        {\n            \"id\": 42,\n            \"name\": \"Theodora Aufderhar\",\n            \"price\": \"0.47217\",\n            \"desciption\": \"6y0pVO6UMDSopRcoIDLMZmqOKtui2thur3qwcJXT\",\n            \"image\": \"https://via.placeholder.com/640x480.png/00eeee?text=unde\"\n        },\n        {\n            \"id\": 43,\n            \"name\": \"Dr. Isadore Schoen\",\n            \"price\": \"0.38764\",\n            \"desciption\": \"ldeSRlgza0f351Fi2xcL4HwkwkrXYs4mgUX2XuhV\",\n            \"image\": \"https://via.placeholder.com/640x480.png/00cccc?text=cum\"\n        },\n        {\n            \"id\": 44,\n            \"name\": \"Rogelio Jerde IV\",\n            \"price\": \"0.27379\",\n            \"desciption\": \"a4gihUj8G9G1YgvSlLpAGgFOX4sgwxo0BMavi3bw\",\n            \"image\": \"https://via.placeholder.com/640x480.png/001155?text=incidunt\"\n        },\n        {\n            \"id\": 45,\n            \"name\": \"Millie Jakubowski\",\n            \"price\": \"0.05486\",\n            \"desciption\": \"JxHURZ33OK1yAxC49jtCCYSZ2PV6MLKxuUQmZfm7\",\n            \"image\": \"https://via.placeholder.com/640x480.png/00aaff?text=animi\"\n        },\n        {\n            \"id\": 46,\n            \"name\": \"Moriah Boehm\",\n            \"price\": \"0.18481\",\n            \"desciption\": \"GzeHGK3liN2bru9yul4koTepxoSGrzvMu3FMODUi\",\n            \"image\": \"https://via.placeholder.com/640x480.png/0011cc?text=omnis\"\n        },\n        {\n            \"id\": 47,\n            \"name\": \"Mrs. Donna Hane PhD\",\n            \"price\": \"0.22947\",\n            \"desciption\": \"57Nrbgi9V4qBXRqMcL0AK4XSbCPDMyqQqYnKPoxW\",\n            \"image\": \"https://via.placeholder.com/640x480.png/00aa00?text=cumque\"\n        },\n        {\n            \"id\": 48,\n            \"name\": \"Monty Becker\",\n            \"price\": \"0.55582\",\n            \"desciption\": \"kJ4eeq1TE25yS9jwOC8yhDmHFb94sKDppB5dKkmH\",\n            \"image\": \"https://via.placeholder.com/640x480.png/006655?text=earum\"\n        },\n        {\n            \"id\": 49,\n            \"name\": \"Rhea Williamson\",\n            \"price\": \"0.42361\",\n            \"desciption\": \"tlIBTdXb2UiNnlmKS7wUX29LJ2SalK3DausbrZS5\",\n            \"image\": \"https://via.placeholder.com/640x480.png/004433?text=et\"\n        },\n        {\n            \"id\": 50,\n            \"name\": \"Thaddeus Lebsack\",\n            \"price\": \"0.81455\",\n            \"desciption\": \"gEbm302cOUDDGOis7k4Uyyx7Fr9raMxAi5QpV2Nr\",\n            \"image\": \"https://via.placeholder.com/640x480.png/0044bb?text=consequuntur\"\n        },\n        {\n            \"id\": 52,\n            \"name\": \"item\",\n            \"price\": \"150\",\n            \"desciption\": \"dsafadsf\",\n            \"image\": \"1657668283.jpg\"\n        },\n        {\n            \"id\": 53,\n            \"name\": \"item\",\n            \"price\": \"0.25\",\n            \"desciption\": \"dsafadsf\",\n            \"image\": \"1657668835.jpg\"\n        },\n        {\n            \"id\": 54,\n            \"name\": \"Barney McLaughlin\",\n            \"price\": \"2468.47604832\",\n            \"desciption\": \"Deserunt voluptatibus occaecati asperiores et quis. Cupiditate hic qui et itaque dolor. Qui laborum sed ut itaque nesciunt earum amet. Nulla culpa in commodi voluptatem quia tempora.\",\n            \"image\": \"1657700396\"\n        },\n        {\n            \"id\": 55,\n            \"name\": \"Damion Romaguera\",\n            \"price\": \"3760.1105\",\n            \"desciption\": \"Non enim qui molestias natus sed voluptatem asperiores. Atque cum non suscipit rerum. Autem quo vel eos ipsa sequi minus.\",\n            \"image\": \"1657701109\"\n        }\n    ]\n}{\n    \"meta\": {\n        \"status_code\": 200,\n        \"msg\": \"Success\"\n    },\n    \"response\": [\n        {\n            \"id\": 1,\n            \"name\": \"Louisa Jaskolski II\",\n            \"price\": \"0.48824\",\n            \"desciption\": \"HNa6a4weTwhfGKdIsqku7EAvjdHRmSwHpOlfwXlQ\",\n            \"image\": \"https://via.placeholder.com/640x480.png/000044?text=voluptate\"\n        },\n        {\n            \"id\": 2,\n            \"name\": \"Johnny Okuneva II\",\n            \"price\": \"0.19915\",\n            \"desciption\": \"yFPJZE7jD8cO9LHQw2GW5nm2wsbLMZPAjkg6I6f3\",\n            \"image\": \"https://via.placeholder.com/640x480.png/002222?text=mollitia\"\n        },\n        {\n            \"id\": 3,\n            \"name\": \"Eldon Koelpin I\",\n            \"price\": \"0.00746\",\n            \"desciption\": \"IET9uR2ZphYwEBja3aLwMMrJnzLclxkhCeCBLG8y\",\n            \"image\": \"https://via.placeholder.com/640x480.png/001133?text=facilis\"\n        },\n        {\n            \"id\": 4,\n            \"name\": \"Willard Marquardt\",\n            \"price\": \"0.55555\",\n            \"desciption\": \"JXBk8fKBwMyVwlt5nbp4HIJtyH1ilmmQ4d2PzGFa\",\n            \"image\": \"https://via.placeholder.com/640x480.png/00ccaa?text=ut\"\n        },\n        {\n            \"id\": 5,\n            \"name\": \"Lenore Funk\",\n            \"price\": \"0.96588\",\n            \"desciption\": \"86D8o5kyR222v7FkK8htJw4n6ZrKtMtchhuQfUUS\",\n            \"image\": \"https://via.placeholder.com/640x480.png/00ffaa?text=vel\"\n        },\n        {\n            \"id\": 6,\n            \"name\": \"Krystel Larson\",\n            \"price\": \"0.2266\",\n            \"desciption\": \"B9mn3juiZgw7s3YVQR9jbKzOtoNvnY1U2g97c4Ol\",\n            \"image\": \"https://via.placeholder.com/640x480.png/005577?text=aliquam\"\n        },\n        {\n            \"id\": 7,\n            \"name\": \"Emmy Brakus Jr.\",\n            \"price\": \"0.92979\",\n            \"desciption\": \"E7ylrmZKFfM4VdOUsAJr48ZvIYeBI2NKvgEiI16Y\",\n            \"image\": \"https://via.placeholder.com/640x480.png/001188?text=culpa\"\n        },\n        {\n            \"id\": 8,\n            \"name\": \"Edd Kautzer\",\n            \"price\": \"0.4513\",\n            \"desciption\": \"4hGFWz9F5PhZbgpvfX7RYHpYNQqjnTaxdo1aEAQk\",\n            \"image\": \"https://via.placeholder.com/640x480.png/002222?text=quisquam\"\n        },\n        {\n            \"id\": 9,\n            \"name\": \"Natalie Barrows\",\n            \"price\": \"0.80903\",\n            \"desciption\": \"WuUFU1UjGXQVyy38G7Psm57WO4e0BsXM0sgvBNcp\",\n            \"image\": \"https://via.placeholder.com/640x480.png/002211?text=architecto\"\n        },\n        {\n            \"id\": 10,\n            \"name\": \"Prof. Kellen Brakus\",\n            \"price\": \"0.95333\",\n            \"desciption\": \"Y82nKwRNju3WShRkB3jQg60sOSMGeu5AFbJKkI8x\",\n            \"image\": \"https://via.placeholder.com/640x480.png/00bb99?text=magnam\"\n        },\n        {\n            \"id\": 11,\n            \"name\": \"Tyrel Ullrich\",\n            \"price\": \"0.93155\",\n            \"desciption\": \"BXwvkE4NsJ2k8Wp3DAqQjJ7z5JNn3G5lwxpwI5e0\",\n            \"image\": \"https://via.placeholder.com/640x480.png/005599?text=eius\"\n        },\n        {\n            \"id\": 12,\n            \"name\": \"Sidney Lueilwitz\",\n            \"price\": \"0.31657\",\n            \"desciption\": \"MS6DSONXZbbBkFcJ8HVXVLBl3cVCkdOAGYpXYyej\",\n            \"image\": \"https://via.placeholder.com/640x480.png/006622?text=aut\"\n        },\n        {\n            \"id\": 13,\n            \"name\": \"Mr. Keven Walter Jr.\",\n            \"price\": \"0.60732\",\n            \"desciption\": \"BejcSnWwlws2mgJ6Nl13Z0cb3fhVCOOIisHDPu01\",\n            \"image\": \"https://via.placeholder.com/640x480.png/007777?text=molestiae\"\n        },\n        {\n            \"id\": 14,\n            \"name\": \"Mr. Elias Rohan\",\n            \"price\": \"0.68646\",\n            \"desciption\": \"Tpa2PVaPvIAxTcuyi68Vp6akKNkD5xe2Y8nE4lAO\",\n            \"image\": \"https://via.placeholder.com/640x480.png/00ee33?text=vitae\"\n        }\n   ]\n}\n\n\n```"
					},
					"response": []
				},
				{
					"name": "get item by id",
					"request": {
						"auth": {
							"type": "bearer",
							"bearer": [
								{
									"key": "token",
									"value": "126|kdhLCIrFeCO8QfOQSaJ0XGmh6NbHQNg2xbxzDRco",
									"type": "string"
								}
							]
						},
						"method": "GET",
						"header": [
							{
								"key": "Accept",
								"value": "application/json",
								"type": "text"
							}
						],
						"url": {
							"raw": "http://127.0.0.1:8000/api/item/40",
							"protocol": "http",
							"host": [
								"127",
								"0",
								"0",
								"1"
							],
							"port": "8000",
							"path": [
								"api",
								"item",
								"40"
							]
						},
						"description": "this route is responsible for retrieve specific items by id\n\n**Response**\n\n``` json\n{\n    \"meta\": {\n        \"status_code\": 200,\n        \"msg\": \"Success\"\n    },\n    \"response\": {\n        \"id\": 40,\n        \"name\": \"Horacio Volkman\",\n        \"price\": \"0.23661\",\n        \"desciption\": \"WprDkx6vjk2E5EuZ3XLUFTfqnWo2QxF7i8YytHyl\",\n        \"image\": \"https://via.placeholder.com/640x480.png/00bbcc?text=eum\"\n    }\n}\n\n```"
					},
					"response": []
				},
				{
					"name": "create item",
					"request": {
						"auth": {
							"type": "bearer",
							"bearer": [
								{
									"key": "token",
									"value": "110|qUYA86mWXl7OokdSatNHD98SQ4VpvUjgPE8L7c91",
									"type": "string"
								}
							]
						},
						"method": "POST",
						"header": [
							{
								"key": "Accept",
								"value": "application/json",
								"type": "text"
							}
						],
						"body": {
							"mode": "formdata",
							"formdata": [
								{
									"key": "Name",
									"value": "item",
									"type": "text"
								},
								{
									"key": "Description",
									"value": "dsafadsf",
									"type": "text"
								},
								{
									"key": "Price",
									"value": "sdfasdf",
									"type": "text",
									"disabled": true
								},
								{
									"key": "Image",
									"type": "file",
									"src": "/C:/Users/dell/Desktop/duck.jpg"
								}
							]
						},
						"url": {
							"raw": "http://127.0.0.1:8000/api/item",
							"protocol": "http",
							"host": [
								"127",
								"0",
								"0",
								"1"
							],
							"port": "8000",
							"path": [
								"api",
								"item"
							]
						},
						"description": "This route is responsible for create new item by admin only\n\n**Response**\n\n``` json\n{\n    \"meta\": {\n        \"status_code\": 201,\n        \"msg\": \"Success\"\n    },\n    \"response\": \"item created successfully\"\n}\n\n```"
					},
					"response": []
				},
				{
					"name": "delete item",
					"request": {
						"auth": {
							"type": "bearer",
							"bearer": [
								{
									"key": "token",
									"value": "126|kdhLCIrFeCO8QfOQSaJ0XGmh6NbHQNg2xbxzDRco",
									"type": "string"
								}
							]
						},
						"method": "DELETE",
						"header": [],
						"url": {
							"raw": "http://127.0.0.1:8000/api/item/8",
							"protocol": "http",
							"host": [
								"127",
								"0",
								"0",
								"1"
							],
							"port": "8000",
							"path": [
								"api",
								"item",
								"8"
							]
						},
						"description": "this route if responsible for delete specific item\n\n**Response**\n\n``` json\n{\n    \"meta\": {\n        \"status_code\": 200,\n        \"msg\": \"Success\"\n    },\n    \"response\": \"item is successfully deleted\"\n}\n\n```"
					},
					"response": []
				}
			]
		},
		{
			"name": "boxes",
			"item": [
				{
					"name": "get all Boxes",
					"request": {
						"method": "GET",
						"header": [
							{
								"key": "Accept",
								"value": "application/json",
								"type": "text"
							}
						],
						"url": {
							"raw": "http://127.0.0.1:8000/api/box",
							"protocol": "http",
							"host": [
								"127",
								"0",
								"0",
								"1"
							],
							"port": "8000",
							"path": [
								"api",
								"box"
							]
						},
						"description": "this route is responsible for get all boxes\n\n**Response**\n\n``` json\n{\n    \"meta\": {\n        \"status_code\": 200,\n        \"msg\": \"Success\"\n    },\n    \"response\": [\n        {\n            \"id\": 3,\n            \"created_at\": \"2022-07-04T11:51:36.000000Z\",\n            \"updated_at\": \"2022-07-04T11:51:36.000000Z\",\n            \"owner_id\": 34,\n            \"sold\": false\n        },\n        {\n            \"id\": 4,\n            \"created_at\": \"2022-07-04T11:51:36.000000Z\",\n            \"updated_at\": \"2022-07-04T11:51:36.000000Z\",\n            \"owner_id\": 8,\n            \"sold\": false\n        },\n        {\n            \"id\": 5,\n            \"created_at\": \"2022-07-04T11:51:36.000000Z\",\n            \"updated_at\": \"2022-07-04T11:51:36.000000Z\",\n            \"owner_id\": 49,\n            \"sold\": false\n        },\n        {\n            \"id\": 6,\n            \"created_at\": \"2022-07-04T11:51:36.000000Z\",\n            \"updated_at\": \"2022-07-04T11:51:36.000000Z\",\n            \"owner_id\": 28,\n            \"sold\": false\n        },\n        {\n            \"id\": 7,\n            \"created_at\": \"2022-07-04T11:51:36.000000Z\",\n            \"updated_at\": \"2022-07-04T11:51:36.000000Z\",\n            \"owner_id\": 32,\n            \"sold\": false\n        },\n        {\n            \"id\": 8,\n            \"created_at\": \"2022-07-04T11:51:36.000000Z\",\n            \"updated_at\": \"2022-07-04T11:51:36.000000Z\",\n            \"owner_id\": 28,\n            \"sold\": false\n        },\n        {\n            \"id\": 9,\n            \"created_at\": \"2022-07-04T11:51:36.000000Z\",\n            \"updated_at\": \"2022-07-04T11:51:36.000000Z\",\n            \"owner_id\": 31,\n            \"sold\": false\n        }\n}\n}\n\n```"
					},
					"response": []
				},
				{
					"name": "get box by id",
					"request": {
						"method": "GET",
						"header": [
							{
								"key": "Accept",
								"value": "application/json",
								"type": "text"
							}
						],
						"url": {
							"raw": "http://127.0.0.1:8000/api/box/2",
							"protocol": "http",
							"host": [
								"127",
								"0",
								"0",
								"1"
							],
							"port": "8000",
							"path": [
								"api",
								"box",
								"2"
							]
						},
						"description": "this route is responsible for get the box with specific id\n\n**Response**\n\n``` json\n{\n    \"meta\": {\n        \"status_code\": 200,\n        \"msg\": \"Success\"\n    },\n    \"response\": {\n        \"box\": [\n            {\n                \"Name\": \"Mozelle Baumbach II\",\n                \"Image\": \"https://via.placeholder.com/640x480.png/000044?text=aut\",\n                \"Description\": \"XUY7CgxCogbpFIqd5a8wY3ApfQy4KgScBFBeaENz\",\n                \"sold\": true,\n                \"quanlity\": 1,\n                \"price\": \"0.19015\"\n            },\n            {\n                \"Name\": \"Leopoldo Monahan III\",\n                \"Image\": \"https://via.placeholder.com/640x480.png/0033cc?text=ipsum\",\n                \"Description\": \"upsOKt6KSGJ786B1Oqm5rsbxPlreFGIBzAN2KJj3\",\n                \"sold\": true,\n                \"quanlity\": 1,\n                \"price\": \"0.52269\"\n            },\n            {\n                \"Name\": \"Rhea Williamson\",\n                \"Image\": \"https://via.placeholder.com/640x480.png/004433?text=et\",\n                \"Description\": \"tlIBTdXb2UiNnlmKS7wUX29LJ2SalK3DausbrZS5\",\n                \"sold\": true,\n                \"quanlity\": 1,\n                \"price\": \"0.42361\"\n            }\n        ],\n        \"price\": \"1.13645\"\n    }\n}\n\n```"
					},
					"response": []
				},
				{
					"name": "create box",
					"request": {
						"auth": {
							"type": "bearer",
							"bearer": [
								{
									"key": "token",
									"value": "126|kdhLCIrFeCO8QfOQSaJ0XGmh6NbHQNg2xbxzDRco",
									"type": "string"
								}
							]
						},
						"method": "POST",
						"header": [
							{
								"key": "Accept",
								"value": "application/json",
								"type": "text"
							}
						],
						"body": {
							"mode": "raw",
							"raw": ""
						},
						"url": {
							"raw": "http://127.0.0.1:8000/api/box",
							"protocol": "http",
							"host": [
								"127",
								"0",
								"0",
								"1"
							],
							"port": "8000",
							"path": [
								"api",
								"box"
							]
						},
						"description": "this route is responsible for create new box\n\n**Response**\n\n``` json\n{\n    \"meta\": {\n        \"status_code\": 201,\n        \"msg\": \"Success\"\n    },\n    \"response\": \"box created successfully\"\n}\n\n```"
					},
					"response": []
				},
				{
					"name": "delete box",
					"request": {
						"auth": {
							"type": "bearer",
							"bearer": [
								{
									"key": "token",
									"value": "126|kdhLCIrFeCO8QfOQSaJ0XGmh6NbHQNg2xbxzDRco",
									"type": "string"
								}
							]
						},
						"method": "DELETE",
						"header": [],
						"url": {
							"raw": "http://127.0.0.1:8000/api/box/20",
							"protocol": "http",
							"host": [
								"127",
								"0",
								"0",
								"1"
							],
							"port": "8000",
							"path": [
								"api",
								"box",
								"20"
							]
						},
						"description": "this route is responsible for delete existing box\n\n**Response**\n\n``` json\n{\n    \"meta\": {\n        \"status_code\": 200,\n        \"msg\": \"Success\"\n    },\n    \"response\": \"box is successfully deleted\"\n}\n\n```"
					},
					"response": []
				}
			]
		},
		{
			"name": "user",
			"item": [
				{
					"name": "GetUserById",
					"request": {
						"auth": {
							"type": "bearer",
							"bearer": [
								{
									"key": "token",
									"value": "1|1YmU1eSTlGRTBJga3lrV0fPXDm060hrbHHoJRp69",
									"type": "string"
								}
							]
						},
						"method": "GET",
						"header": [
							{
								"key": "Accept",
								"value": "application/json",
								"type": "default"
							}
						],
						"url": {
							"raw": "http://127.0.0.1:8000/api/user/1",
							"protocol": "http",
							"host": [
								"127",
								"0",
								"0",
								"1"
							],
							"port": "8000",
							"path": [
								"api",
								"user",
								"1"
							]
						},
						"description": "this route is responsible for get user by id\n\n**Response**\n\n``` json\n{\n    \"meta\": {\n        \"status_code\": 200,\n        \"msg\": \"Success\"\n    },\n    \"response\": {\n        \"id\": 1,\n        \"firstName\": \"Bethel Dickinson\",\n        \"lastName\": \"Mrs. Janelle Feeney IV\",\n        \"mobileNumber\": \"1-786-451-2656\",\n        \"Gender\": \"female\",\n        \"email\": \"ansel60@example.net\",\n        \"admin\": false,\n        \"email_verified_at\": \"2022-07-04T11:51:36.000000Z\",\n        \"created_at\": \"2022-07-04T11:51:36.000000Z\",\n        \"updated_at\": \"2022-07-13T00:38:06.000000Z\"\n    }\n}\n\n```"
					},
					"response": []
				},
				{
					"name": "get user boxes",
					"request": {
						"method": "GET",
						"header": [],
						"description": "this route is responsible for get the boxes bought by specific user\n\nResponse\n\n``` json\n{\n    \"meta\": {\n        \"status_code\": 200,\n        \"msg\": \"Success\"\n    },\n    \"response\": [\n        {\n            \"id\": 2,\n            \"created_at\": \"2022-07-04T11:51:36.000000Z\",\n            \"updated_at\": \"2022-07-04T15:11:58.000000Z\",\n            \"owner_id\": 3,\n            \"sold\": true\n        }\n    ]\n}\n\n```"
					},
					"response": []
				},
				{
					"name": "GetProfile",
					"request": {
						"method": "GET",
						"header": [],
						"description": "this route is responsible for get user profile data\n\n**Response**\n\n``` json\n{\n    \"meta\": {\n        \"status_code\": 200,\n        \"msg\": \"Success\"\n    },\n    \"response\": {\n        \"id\": 51,\n        \"firstName\": \"Ahmed\",\n        \"lastName\": \"Mohamed\",\n        \"mobileNumber\": \"01127010091\",\n        \"Gender\": \"male\",\n        \"email\": \"ahmed@gmail.com\",\n        \"admin\": false,\n        \"wallet\": \"0\",\n        \"email_verified_at\": null,\n        \"created_at\": \"2022-07-11T22:10:24.000000Z\",\n        \"updated_at\": \"2022-07-11T22:10:24.000000Z\"\n    }\n}\n\n```"
					},
					"response": []
				}
			],
			"description": "these routes are responsible for user actions"
		},
		{
			"name": "boxitems",
			"item": [
				{
					"name": "add item to box",
					"request": {
						"auth": {
							"type": "bearer",
							"bearer": [
								{
									"key": "token",
									"value": "126|kdhLCIrFeCO8QfOQSaJ0XGmh6NbHQNg2xbxzDRco",
									"type": "string"
								}
							]
						},
						"method": "POST",
						"header": [
							{
								"key": "Accept",
								"value": "application/json",
								"type": "default"
							}
						],
						"body": {
							"mode": "raw",
							"raw": "{\r\n    \"box_id\" : 6,\r\n    \"items_id\" : 9,\r\n    \"quanlity\": 2\r\n}",
							"options": {
								"raw": {
									"language": "json"
								}
							}
						},
						"url": {
							"raw": "http://127.0.0.1:8000/api/fillbox/",
							"protocol": "http",
							"host": [
								"127",
								"0",
								"0",
								"1"
							],
							"port": "8000",
							"path": [
								"api",
								"fillbox",
								""
							]
						},
						"description": "this route is responsible for add item to box\n\n**Response**\n\n``` json\n{\n    \"meta\": {\n        \"status_code\": 201,\n        \"msg\": \"Success\"\n    },\n    \"response\": \"process done successfully\"\n}\n\n```"
					},
					"response": []
				},
				{
					"name": "delete item from box",
					"request": {
						"auth": {
							"type": "bearer",
							"bearer": [
								{
									"key": "token",
									"value": "126|kdhLCIrFeCO8QfOQSaJ0XGmh6NbHQNg2xbxzDRco",
									"type": "string"
								}
							]
						},
						"method": "DELETE",
						"header": [
							{
								"key": "Accept",
								"value": "application/json",
								"type": "text"
							}
						],
						"body": {
							"mode": "raw",
							"raw": "{\r\n    \"box_id\" : 10,\r\n    \"items_id\" : 7\r\n}",
							"options": {
								"raw": {
									"language": "json"
								}
							}
						},
						"url": {
							"raw": "http://127.0.0.1:8000/api/removeBoxItem/",
							"protocol": "http",
							"host": [
								"127",
								"0",
								"0",
								"1"
							],
							"port": "8000",
							"path": [
								"api",
								"removeBoxItem",
								""
							]
						},
						"description": "this route is responsible for delete item from box\n\n**Response**\n\n``` json\n{\n    \"meta\": {\n        \"status_code\": 200,\n        \"msg\": \"Success\"\n    },\n    \"response\": \"process done successfully\"\n}\n\n```"
					},
					"response": []
				}
			]
		},
		{
			"name": "buybox",
			"request": {
				"auth": {
					"type": "bearer",
					"bearer": [
						{
							"key": "token",
							"value": "127|ppegV1b6UUnTYIxwbAAbMRnGTBOVlUPkwJxNvMvk",
							"type": "string"
						}
					]
				},
				"method": "POST",
				"header": [
					{
						"key": "Accept",
						"value": "application/json",
						"type": "text"
					}
				],
				"url": {
					"raw": "http://127.0.0.1:8000/api/buybox/5",
					"protocol": "http",
					"host": [
						"127",
						"0",
						"0",
						"1"
					],
					"port": "8000",
					"path": [
						"api",
						"buybox",
						"5"
					]
				},
				"description": "this route is responsible for buy action of user\n\n**Response**\n\n``` json\n{\n    \"meta\": {\n        \"status_code\": 200,\n        \"msg\": \"Success\"\n    },\n    \"response\": \"you bought the box successfully\"\n}\n\n```"
			},
			"response": []
		},
		{
			"name": "select Winner",
			"request": {
				"auth": {
					"type": "bearer",
					"bearer": [
						{
							"key": "token",
							"value": "110|qUYA86mWXl7OokdSatNHD98SQ4VpvUjgPE8L7c91",
							"type": "string"
						}
					]
				},
				"method": "GET",
				"header": [
					{
						"key": "Accept",
						"value": "application/json",
						"type": "text"
					}
				],
				"url": {
					"raw": "http://127.0.0.1:8000/api/selectWinner",
					"protocol": "http",
					"host": [
						"127",
						"0",
						"0",
						"1"
					],
					"port": "8000",
					"path": [
						"api",
						"selectWinner"
					]
				},
				"description": "this route is responsible for the admin to select random winner from the users\n\n**Response**\n\n``` json\n{\n    \"meta\": {\n        \"status_code\": 200,\n        \"msg\": \"Success\"\n    },\n    \"response\": \"user : Dr. Willis Schaefer wins\"\n}\n\n```"
			},
			"response": []
		}
	]
}